{"speedMultiplier":1.0,"description":"No description provided.","robotScheduledActions":[{"robotActionCommand":"AutoCollectorOnCommand","robotScheduledActionTime":0.05}],"title":"untitled","controlPoints":[{"field_dX":-0.7867187499999986,"fieldY":-2.140625,"field_dY":-0.828125,"fieldX":-1.0662109375000002,"fieldHeading":3.912499077921741,"time":0.0,"field_dHeading":-0.03185507195863333,"derivativesEdited":true},{"field_dX":0.0,"fieldY":-3.3828125,"field_dY":0.0,"fieldX":-2.3083984374999997,"fieldHeading":3.8835399215957107,"time":1.4999999999999996,"field_dHeading":-0.008201352026177512,"derivativesEdited":true},{"robotActionCommand":"AutoLimelightDoubleShootCommand","field_dX":0.0,"fieldY":-3.2378906249999995,"field_dY":0.0,"fieldX":-2.1427734375,"fieldHeading":3.8975875287832364,"time":1.6999999999999995,"field_dHeading":0.01545236790627831,"derivativesEdited":true,"robotActionDuration":4.0}]}