{"speedMultiplier":1.0,"description":"No description provided.","robotScheduledActions":[{"robotActionCommand":"AutoCollectorOnCommand","robotScheduledActionTime":0.49999999999999994}],"title":"untitled","controlPoints":[{"robotActionCommand":"AutoShooterStartCommand","field_dX":0.0,"fieldY":0.06718749999999929,"field_dY":0.0,"fieldX":-2.200390625,"fieldHeading":-1.5664696741363662,"time":0.0,"field_dHeading":0.31268678015910234,"derivativesEdited":true,"robotActionDuration":2.0},{"field_dX":-1.4342399999999995,"fieldY":0.2900293255131956,"field_dY":0.85392,"fieldX":-2.5850439882697946,"fieldHeading":-1.2822089649008186,"time":0.39999999999999997,"field_dHeading":0.08715832077500145,"derivativesEdited":true},{"robotActionCommand":"AutoShooterBallsCommand","field_dX":0.0,"fieldY":0.50390625,"field_dY":0.0,"fieldX":-3.275390624999999,"fieldHeading":-1.408,"time":1.0,"field_dHeading":-0.17258506930454984,"derivativesEdited":true,"robotActionDuration":2.0},{"field_dX":0.0,"fieldY":0.5374999999999996,"field_dY":0.0,"fieldX":-3.544140625,"fieldHeading":-1.596,"time":1.5,"field_dHeading":-0.2068000000000002,"derivativesEdited":true}]}