{"speedMultiplier":1.0,"description":"No description provided.","robotScheduledActions":[{"robotActionCommand":"AutoCollectorOnCommand","robotScheduledActionTime":0.25}],"title":"untitled","controlPoints":[{"robotActionCommand":"AutoStartCommandGroup","field_dX":0.0,"fieldY":2.0829123328380383,"field_dY":0.0,"fieldX":1.1500742942050506,"fieldHeading":0.7496990507181251,"time":0.0,"field_dHeading":-0.12336527783737583,"derivativesEdited":true,"robotActionDuration":2.0},{"field_dX":0.7667161961367022,"fieldY":2.594056463595839,"field_dY":0.868945022288262,"fieldX":1.5845468053491816,"fieldHeading":0.6375487981386926,"time":0.39999999999999997,"field_dHeading":-0.05840886805866256,"derivativesEdited":true},{"robotActionCommand":"AutoShooterBallsCommand","field_dX":0.0,"fieldY":2.9007429420505195,"field_dY":0.0,"fieldX":1.8656760772659728,"fieldHeading":0.6435011087932841,"time":1.0,"field_dHeading":0.01563124158222931,"derivativesEdited":true,"robotActionDuration":2.0},{"field_dX":0.10222882615155982,"fieldY":3.13075780089153,"field_dY":-0.30668647845467945,"fieldX":2.0701337295690925,"fieldHeading":0.6659692373791095,"time":2.0,"field_dHeading":0.024714941444407904,"derivativesEdited":true}]}