{"speedMultiplier":1.0,"description":"No description provided.","robotScheduledActions":[{"robotActionCommand":"AutoCollectorOnCommand","robotScheduledActionTime":0.05}],"title":"untitled","controlPoints":[{"field_dX":0.2916144333658285,"fieldY":-1.628,"field_dY":-0.7805923555691768,"fieldX":1.468,"fieldHeading":2.72,"time":0.0,"field_dHeading":-0.025300000000000145,"derivativesEdited":false},{"field_dX":0.3726562499999986,"fieldY":-3.3207031249999996,"field_dY":-0.7453124999999989,"fieldX":2.2048828125,"fieldHeading":2.697,"time":1.5999999999999994,"field_dHeading":-0.09460000000000009,"derivativesEdited":true},{"robotActionCommand":"AutoLimelightDoubleShootCommand","field_dX":0.0,"fieldY":-3.1343749999999995,"field_dY":0.0,"fieldX":2.1013671875,"fieldHeading":2.548,"time":1.9,"field_dHeading":-0.16390000000000005,"derivativesEdited":true,"robotActionDuration":4.0}]}