{"speedMultiplier":1.0,"description":"No description provided.","robotScheduledActions":[{"robotActionCommand":"AutoCollectorOnCommand","robotScheduledActionTime":0.35}],"title":"untitled","controlPoints":[{"robotActionCommand":"AutoDropCollectorCommand","field_dX":0.0,"fieldY":-2.119921875,"field_dY":0.0,"fieldX":-1.0662109375000002,"fieldHeading":3.906993483014091,"time":0.0,"field_dHeading":-0.05644114389335422,"derivativesEdited":true,"robotActionDuration":0.1},{"field_dX":-0.6625000000000005,"fieldY":-3.25859375,"field_dY":-0.7453124999999989,"fieldX":-2.0599609374999996,"fieldHeading":3.8556833522019507,"time":1.2000000000000004,"field_dHeading":-0.030174382555688786,"derivativesEdited":true},{"robotActionCommand":"AutoDoubleShootCommand","field_dX":0.0,"fieldY":-3.1343749999999995,"field_dY":0.0,"fieldX":-1.9564453124999996,"fieldHeading":3.852130969276475,"time":1.5,"field_dHeading":-0.3927498842366867,"derivativesEdited":true,"robotActionDuration":5.0},{"field_dX":0.031085043988269945,"fieldY":-3.6312499999999996,"field_dY":-0.5284457478005855,"fieldX":-1.9564453124999996,"fieldHeading":3.141592653589793,"time":2.5,"field_dHeading":-0.7815921472553501,"derivativesEdited":true}]}