{"speedMultiplier":1.0,"description":"No description provided.","robotScheduledActions":[{"robotActionCommand":"AutoCollectorOnCommand","robotScheduledActionTime":0.35}],"title":"untitled","controlPoints":[{"robotActionCommand":"AutoDropCollectorCommand","field_dX":0.0,"fieldY":-1.6280141843971632,"field_dY":0.0,"fieldX":1.4680851063829792,"fieldHeading":2.726829795461054,"time":0.0,"field_dHeading":-0.0775105478824567,"derivativesEdited":true,"robotActionDuration":0.1},{"robotActionCommand":"AutoDoubleShootCommand","field_dX":0.0,"fieldY":-2.981914893617021,"field_dY":0.0,"fieldX":2.120567375886525,"fieldHeading":2.656365661022457,"time":1.5,"field_dHeading":-0.04568271096854362,"derivativesEdited":true,"robotActionDuration":5.0},{"field_dX":0.0,"fieldY":-3.0101562499999996,"field_dY":0.041406249999999645,"fieldX":2.1013671875,"fieldHeading":2.6437703209727927,"time":2.5,"field_dHeading":-1.4610011135623513,"derivativesEdited":true},{"field_dX":-0.0,"fieldY":-3.4449218749999995,"field_dY":0.041406249999999645,"fieldX":2.1013671875,"fieldHeading":0.0,"time":3.5,"field_dHeading":-2.9081473530700723,"derivativesEdited":false}]}