{"speedMultiplier":1.0,"description":"No description provided.","robotScheduledActions":[{"robotActionCommand":"AutoCollectorOnCommand","robotScheduledActionTime":0.35}],"title":"untitled","controlPoints":[{"robotActionCommand":"AutoDropCollectorCommand","field_dX":0.0,"fieldY":-1.6280141843971632,"field_dY":0.0,"fieldX":1.4680851063829792,"fieldHeading":2.720173446701989,"time":0.0,"field_dHeading":-0.025055163320553266,"derivativesEdited":true,"robotActionDuration":0.1},{"field_dX":0.3730205278592358,"fieldY":-3.144574780058651,"field_dY":-0.6838709677419352,"fieldX":2.1293255131964806,"fieldHeading":2.697396025501486,"time":1.2000000000000004,"field_dHeading":0.012593218671761176,"derivativesEdited":true},{"robotActionCommand":"AutoDoubleShootCommand","field_dX":0.0,"fieldY":-3.0046920821114362,"field_dY":0.0,"fieldX":2.0671554252199407,"fieldHeading":2.743070207923373,"time":1.5,"field_dHeading":0.24430814544856885,"derivativesEdited":true,"robotActionDuration":5.0},{"field_dX":0.031085043988269945,"fieldY":-3.7507331378299114,"field_dY":-0.5284457478005855,"fieldX":2.0982404692082106,"fieldHeading":3.141592653589793,"time":2.5,"field_dHeading":0.4383746902330621,"derivativesEdited":true}]}