{"speedMultiplier":1.0,"description":"No description provided.","robotScheduledActions":[{"robotActionCommand":"AutoCollectorOnCommand","robotScheduledActionTime":0.05}],"title":"untitled","controlPoints":[{"field_dX":-0.6624999999999996,"fieldY":-2.140625,"field_dY":-0.6624999999999996,"fieldX":-1.0662109375000002,"fieldHeading":3.940688590360107,"time":0.0,"field_dHeading":-0.06286353564083616,"derivativesEdited":true},{"field_dX":0.0,"fieldY":-3.09296875,"field_dY":-0.041406249999999645,"fieldX":-2.0185546874999996,"fieldHeading":3.8835399215957107,"time":2.0000000000000004,"field_dHeading":-0.023705583867278925,"derivativesEdited":true},{"robotActionCommand":"AutoLimelightDoubleShootCommand","field_dX":0.0,"fieldY":-2.989453125,"field_dY":0.0,"fieldX":-1.9150390624999996,"fieldHeading":3.8975875287832364,"time":2.300000000000001,"field_dHeading":0.01545236790627831,"derivativesEdited":true,"robotActionDuration":4.0}]}