{"speedMultiplier":1.0,"description":"No description provided.","robotScheduledActions":[{"robotActionCommand":"AutoCollectorOnCommand","robotScheduledActionTime":0.05}],"title":"untitled","controlPoints":[{"field_dX":-0.7867187499999986,"fieldY":-2.140625,"field_dY":-0.828125,"fieldX":-1.0662109375000002,"fieldHeading":3.912499077921741,"time":0.0,"field_dHeading":-0.03185507195863333,"derivativesEdited":true},{"field_dX":0.041406249999999645,"fieldY":-3.569140625,"field_dY":0.04140625000000142,"fieldX":-2.4326171874999996,"fieldHeading":3.8835399215957107,"time":1.2,"field_dHeading":-0.008201352026177512,"derivativesEdited":true},{"robotActionCommand":"AutoLimelightDoubleShootCommand","field_dX":0.0,"fieldY":-3.3828125,"field_dY":0.0,"fieldX":-2.2669921874999996,"fieldHeading":3.8975875287832364,"time":1.4,"field_dHeading":0.01545236790627831,"derivativesEdited":true,"robotActionDuration":4.0}]}