{"speedMultiplier":1.0,"description":"No description provided.","robotScheduledActions":[{"robotActionCommand":"AutoCollectorOnCommand","robotScheduledActionTime":0.49999999999999994}],"title":"untitled","controlPoints":[{"robotActionCommand":"AutoStartCommandGroup","field_dX":0.0,"fieldY":-0.038,"field_dY":0.0,"fieldX":-2.257,"fieldHeading":-1.583,"time":0.0,"field_dHeading":0.33087013860909953,"derivativesEdited":true,"robotActionDuration":2.0},{"field_dX":-1.4342399999999995,"fieldY":0.2900293255131956,"field_dY":0.85392,"fieldX":-2.5850439882697946,"fieldHeading":-1.2822089649008186,"time":0.39999999999999997,"field_dHeading":0.09625000000000003,"derivativesEdited":true},{"robotActionCommand":"AutoShooterBallsCommand","field_dX":0.0,"fieldY":0.5494799405646358,"field_dY":0.0,"fieldX":-3.3479940564635964,"fieldHeading":-1.408,"time":1.0,"field_dHeading":-0.17258506930454984,"derivativesEdited":true,"robotActionDuration":2.0},{"field_dX":4.398216939058841E-4,"fieldY":0.549,"field_dY":0.052074294205051386,"fieldX":-3.476,"fieldHeading":-1.596,"time":1.5,"field_dHeading":-0.2068000000000002,"derivativesEdited":true}]}