{"speedMultiplier":1.0,"description":"No description provided.","robotScheduledActions":[{"robotActionCommand":"AutoCollectorOnCommand","robotScheduledActionTime":0.35}],"title":"untitled","controlPoints":[{"robotActionCommand":"AutoDropCollectorCommand","field_dX":0.0,"fieldY":-2.1010638297872344,"field_dY":0.0,"fieldX":-1.109219858156028,"fieldHeading":3.856930234348786,"time":0.0,"field_dHeading":0.010881564631790398,"derivativesEdited":true,"robotActionDuration":0.1},{"robotActionCommand":"AutoDoubleShootCommand","field_dX":0.0,"fieldY":-3.112411347517731,"field_dY":0.0,"fieldX":-1.9411347517730495,"fieldHeading":3.8668225658322317,"time":1.5,"field_dHeading":0.006837685338539768,"derivativesEdited":true,"robotActionDuration":5.0},{"field_dX":-0.04833546099290792,"fieldY":-3.09296875,"field_dY":-0.24785035460992869,"fieldX":-1.9564453124999996,"fieldHeading":3.8693623895097673,"time":2.5,"field_dHeading":1.3272475887922728,"derivativesEdited":false},{"field_dX":-0.041109374999999115,"fieldY":-3.404,"field_dY":0.04237499999999983,"fieldX":-1.998,"fieldHeading":6.28,"time":3.5,"field_dHeading":2.6517013715392563,"derivativesEdited":true}]}