{"speedMultiplier":1.0,"description":"No description provided.","robotScheduledActions":[{"robotActionCommand":"AutoCollectorOnCommand","robotScheduledActionTime":0.25}],"title":"untitled","controlPoints":[{"robotActionCommand":"AutoStartCommandGroup","field_dX":0.0,"fieldY":1.5717682020802375,"field_dY":0.0,"fieldX":-1.6101040118870733,"fieldHeading":-0.7853981633974488,"time":0.0,"field_dHeading":0.32294788614962544,"derivativesEdited":true,"robotActionDuration":2.0},{"field_dX":-0.868945022288262,"fieldY":2.210698365527489,"field_dY":1.7378900445765222,"fieldX":-1.6101040118870733,"fieldHeading":-0.49180917598869844,"time":0.39999999999999997,"field_dHeading":0.08920935840486068,"derivativesEdited":true},{"robotActionCommand":"AutoShooterBallsCommand","field_dX":0.0,"fieldY":2.7729569093610698,"field_dY":0.0,"fieldX":-1.9679049034175344,"fieldHeading":-0.6231993299340658,"time":1.0,"field_dHeading":0.00795508648826435,"derivativesEdited":true,"robotActionDuration":2.0},{"field_dX":0.10222882615155982,"fieldY":3.2585438335809807,"field_dY":-0.30668647845467945,"fieldX":-2.197919762258544,"fieldHeading":-0.47734538237367236,"time":2.0,"field_dHeading":0.16043934231643278,"derivativesEdited":true}]}