{"speedMultiplier":0.25,"description":"No description provided.","robotScheduledActions":[],"title":"untitled","controlPoints":[{"field_dX":0.0,"fieldY":0.0,"field_dY":0.1,"fieldX":0.0,"fieldHeading":0.0,"time":0.0,"field_dHeading":1.1453274008141026,"derivativesEdited":true},{"field_dX":-0.01086181277860323,"fieldY":1.5717682020802375,"field_dY":3.052169390787518,"fieldX":0.012778603268944977,"fieldHeading":1.0412067280128203,"time":1.0,"field_dHeading":1.3059058678959279,"derivativesEdited":false},{"field_dX":-0.01086181277860323,"fieldY":3.590787518573551,"field_dY":2.913997028231798,"fieldX":-0.012778603268944977,"fieldHeading":2.3743743052653232,"time":2.0,"field_dHeading":1.1614422349660383,"derivativesEdited":false},{"field_dX":0.0,"fieldY":5.0,"field_dY":0.0,"fieldX":0.0,"fieldHeading":3.152919882496526,"time":3.0,"field_dHeading":0.856400134954323,"derivativesEdited":true}]}